,missing_count,missing_pct
ORIGIN_SX12_ATTRIBUTES,100121,100.0
ORIGIN_SN33,100121,100.0
ORIGIN_SX01_ATTRIBUTES,100121,100.0
ORIGIN_SX01,100121,100.0
ORIGIN_SN01_ATTRIBUTES,100121,100.0
ORIGIN_SN01,100121,100.0
ORIGIN_SX33_ATTRIBUTES,100121,100.0
ORIGIN_SX33,100121,100.0
ORIGIN_SN33_ATTRIBUTES,100121,100.0
ORIGIN_WV18_ATTRIBUTES,100121,100.0
ORIGIN_WV07_ATTRIBUTES,100121,100.0
ORIGIN_WV18,100121,100.0
ORIGIN_DASF_ATTRIBUTES,100121,100.0
ORIGIN_DASF,100121,100.0
ORIGIN_SX12,100121,100.0
ORIGIN_SN12_ATTRIBUTES,100121,100.0
ORIGIN_SN12,100121,100.0
ORIGIN_FRTH_ATTRIBUTES,100121,100.0
DEST_FMTM,100121,100.0
DEST_FMTM_ATTRIBUTES,100121,100.0
DEST_ACMH,100121,100.0
DEST_ACMH_ATTRIBUTES,100121,100.0
DEST_WT15,100121,100.0
DEST_WT14_ATTRIBUTES,100121,100.0
DEST_WT14,100121,100.0
DEST_WT13_ATTRIBUTES,100121,100.0
DEST_WT13,100121,100.0
DEST_WT11_ATTRIBUTES,100121,100.0
DEST_WT11,100121,100.0
DEST_WSF1_ATTRIBUTES,100121,100.0
DEST_WSF1,100121,100.0
DEST_WDF1_ATTRIBUTES,100121,100.0
DEST_WDF1,100121,100.0
DEST_GAHT_ATTRIBUTES,100121,100.0
DEST_GAHT,100121,100.0
DEST_ACSH_ATTRIBUTES,100121,100.0
DEST_ACSH,100121,100.0
ORIGIN_FRTH,100121,100.0
ORIGIN_FRGB_ATTRIBUTES,100121,100.0
ORIGIN_FRGB,100121,100.0
ORIGIN_SN53_ATTRIBUTES,100121,100.0
ORIGIN_SN03_ATTRIBUTES,100121,100.0
ORIGIN_SN03,100121,100.0
ORIGIN_SN02_ATTRIBUTES,100121,100.0
ORIGIN_SN02,100121,100.0
ORIGIN_ACSC_ATTRIBUTES,100121,100.0
ORIGIN_ACSC,100121,100.0
ORIGIN_ACMC_ATTRIBUTES,100121,100.0
ORIGIN_ACMC,100121,100.0
ORIGIN_WV20_ATTRIBUTES,100121,100.0
ORIGIN_WV20,100121,100.0
ORIGIN_WSFI_ATTRIBUTES,100121,100.0
ORIGIN_WSFI,100121,100.0
ORIGIN_WDFI_ATTRIBUTES,100121,100.0
ORIGIN_WDFI,100121,100.0
ORIGIN_FRGT_ATTRIBUTES,100121,100.0
ORIGIN_SN53,100121,100.0
ORIGIN_SX02,100121,100.0
ORIGIN_WT12_ATTRIBUTES,100121,100.0
ORIGIN_SX02_ATTRIBUTES,100121,100.0
ORIGIN_WT12,100121,100.0
ORIGIN_MDSF_ATTRIBUTES,100121,100.0
ORIGIN_MDSF,100121,100.0
ORIGIN_MDWM_ATTRIBUTES,100121,100.0
ORIGIN_MDWM,100121,100.0
ORIGIN_MDEV_ATTRIBUTES,100121,100.0
ORIGIN_MDEV,100121,100.0
ORIGIN_DAWM_ATTRIBUTES,100121,100.0
ORIGIN_DAWM,100121,100.0
ORIGIN_DAEV_ATTRIBUTES,100121,100.0
ORIGIN_DAEV,100121,100.0
ORIGIN_SX53_ATTRIBUTES,100121,100.0
ORIGIN_SX53,100121,100.0
ORIGIN_SX03_ATTRIBUTES,100121,100.0
ORIGIN_SX03,100121,100.0
DEST_WT15_ATTRIBUTES,100121,100.0
DEST_WT16,100121,100.0
DEST_WT16_ATTRIBUTES,100121,100.0
DEST_FRGB_ATTRIBUTES,100121,100.0
DEST_WT12_ATTRIBUTES,100121,100.0
DEST_WT12,100121,100.0
DEST_MDSF_ATTRIBUTES,100121,100.0
DEST_MDSF,100121,100.0
DEST_MDWM_ATTRIBUTES,100121,100.0
DEST_MDWM,100121,100.0
DEST_MDEV_ATTRIBUTES,100121,100.0
DEST_MDEV,100121,100.0
DEST_DAWM_ATTRIBUTES,100121,100.0
DEST_DAWM,100121,100.0
DEST_DAEV_ATTRIBUTES,100121,100.0
DEST_DAEV,100121,100.0
DEST_SX53_ATTRIBUTES,100121,100.0
DEST_SX53,100121,100.0
DEST_SX03_ATTRIBUTES,100121,100.0
DEST_FRGB,100121,100.0
DEST_FRTH,100121,100.0
DEST_SX02_ATTRIBUTES,100121,100.0
DEST_FRTH_ATTRIBUTES,100121,100.0
DEST_SX01,100121,100.0
DEST_SN01_ATTRIBUTES,100121,100.0
DEST_SN01,100121,100.0
DEST_SX33_ATTRIBUTES,100121,100.0
DEST_SX33,100121,100.0
DEST_SN33_ATTRIBUTES,100121,100.0
DEST_SN33,100121,100.0
DEST_WV18_ATTRIBUTES,100121,100.0
DEST_WV18,100121,100.0
DEST_DASF_ATTRIBUTES,100121,100.0
DEST_DASF,100121,100.0
DEST_SX12_ATTRIBUTES,100121,100.0
DEST_SX12,100121,100.0
DEST_SN12_ATTRIBUTES,100121,100.0
DEST_SN12,100121,100.0
DEST_SX03,100121,100.0
DEST_SX02,100121,100.0
DEST_WT17,100121,100.0
DEST_WV07_ATTRIBUTES,100121,100.0
DEST_WV01_ATTRIBUTES,100121,100.0
DEST_WV01,100121,100.0
DEST_WSFM_ATTRIBUTES,100121,100.0
DEST_WSFM,100121,100.0
DEST_WDFM_ATTRIBUTES,100121,100.0
DEST_WDFM,100121,100.0
DEST_WV03_ATTRIBUTES,100121,100.0
DEST_WV03,100121,100.0
DEST_WT22_ATTRIBUTES,100121,100.0
DEST_WT22,100121,100.0
DEST_WT21_ATTRIBUTES,100121,100.0
DEST_WT21,100121,100.0
DEST_WT19_ATTRIBUTES,100121,100.0
DEST_WT19,100121,100.0
DEST_WT17_ATTRIBUTES,100121,100.0
DEST_WV07,100121,100.0
DEST_FRGT,100121,100.0
DEST_SN53_ATTRIBUTES,100121,100.0
DEST_FRGT_ATTRIBUTES,100121,100.0
DEST_SN53,100121,100.0
DEST_SN03_ATTRIBUTES,100121,100.0
DEST_SN03,100121,100.0
DEST_SN02_ATTRIBUTES,100121,100.0
DEST_SN02,100121,100.0
DEST_ACSC_ATTRIBUTES,100121,100.0
DEST_ACSC,100121,100.0
DEST_ACMC_ATTRIBUTES,100121,100.0
DEST_ACMC,100121,100.0
DEST_WV20_ATTRIBUTES,100121,100.0
DEST_WV20,100121,100.0
DEST_WSFI_ATTRIBUTES,100121,100.0
DEST_WSFI,100121,100.0
DEST_WDFI_ATTRIBUTES,100121,100.0
DEST_WDFI,100121,100.0
ORIGIN_FRGT,100121,100.0
DEST_SX01_ATTRIBUTES,100121,100.0
ORIGIN_WV07,100121,100.0
ORIGIN_WT17_ATTRIBUTES,100121,100.0
ORIGIN_WT16_ATTRIBUTES,100121,100.0
ORIGIN_WT16,100121,100.0
ORIGIN_WSF1_ATTRIBUTES,100121,100.0
ORIGIN_WT15,100121,100.0
ORIGIN_WT14_ATTRIBUTES,100121,100.0
ORIGIN_ACMH,100121,100.0
ORIGIN_WT14,100121,100.0
ORIGIN_WT13_ATTRIBUTES,100121,100.0
ORIGIN_WT13,100121,100.0
ORIGIN_ACMH_ATTRIBUTES,100121,100.0
ORIGIN_ACSH,100121,100.0
ORIGIN_ACSH_ATTRIBUTES,100121,100.0
ORIGIN_FMTM_ATTRIBUTES,100121,100.0
ORIGIN_FMTM,100121,100.0
ORIGIN_WV01_ATTRIBUTES,100121,100.0
ORIGIN_GAHT,100121,100.0
ORIGIN_GAHT_ATTRIBUTES,100121,100.0
ORIGIN_WDF1,100121,100.0
ORIGIN_WDF1_ATTRIBUTES,100121,100.0
ORIGIN_WT17,100121,100.0
ORIGIN_WT15_ATTRIBUTES,100121,100.0
ORIGIN_WT18,100121,100.0
ORIGIN_WT22,100121,100.0
ORIGIN_WV01,100121,100.0
ORIGIN_WSFM_ATTRIBUTES,100121,100.0
ORIGIN_WSFM,100121,100.0
ORIGIN_WDFM_ATTRIBUTES,100121,100.0
ORIGIN_WDFM,100121,100.0
ORIGIN_WV03_ATTRIBUTES,100121,100.0
ORIGIN_WV03,100121,100.0
ORIGIN_WT22_ATTRIBUTES,100121,100.0
ORIGIN_WSF1,100121,100.0
ORIGIN_WT21_ATTRIBUTES,100121,100.0
ORIGIN_WT21,100121,100.0
ORIGIN_WT18_ATTRIBUTES,100121,100.0
ORIGIN_WT19,100121,100.0
ORIGIN_WT19_ATTRIBUTES,100121,100.0
DEST_WT18_ATTRIBUTES,100120,100.0
DEST_WT18,100120,100.0
ORIGIN_WT11,100120,100.0
ORIGIN_WT11_ATTRIBUTES,100120,100.0
DEST_TSUN_ATTRIBUTES,100118,100.0
DEST_TSUN,100118,100.0
DEST_PSUN_ATTRIBUTES,100117,100.0
DEST_PSUN,100117,100.0
ORIGIN_MDPR,100116,100.0
ORIGIN_MDPR_ATTRIBUTES,100116,100.0
ORIGIN_DAPR,100116,100.0
ORIGIN_DAPR_ATTRIBUTES,100116,100.0
ORIGIN_TSUN,100115,99.99
ORIGIN_TSUN_ATTRIBUTES,100115,99.99
DEST_MDPR_ATTRIBUTES,100115,99.99
ORIGIN_PSUN,100115,99.99
ORIGIN_PSUN_ATTRIBUTES,100115,99.99
DEST_MDPR,100115,99.99
DEST_DAPR,100115,99.99
DEST_DAPR_ATTRIBUTES,100115,99.99
ORIGIN_WSFG_ATTRIBUTES,100111,99.99
ORIGIN_WSFG,100111,99.99
ORIGIN_WDFG,100111,99.99
ORIGIN_WDFG_ATTRIBUTES,100111,99.99
DEST_WSFG_ATTRIBUTES,100109,99.99
DEST_WDFG,100109,99.99
DEST_WDFG_ATTRIBUTES,100109,99.99
DEST_WSFG,100109,99.99
ORIGIN_WT10_ATTRIBUTES,100098,99.98
ORIGIN_WT10,100098,99.98
DEST_WT10_ATTRIBUTES,100093,99.97
DEST_WT10,100093,99.97
DEST_WDMV,100090,99.97
DEST_WDMV_ATTRIBUTES,100090,99.97
ORIGIN_WDMV,100087,99.97
ORIGIN_WDMV_ATTRIBUTES,100087,99.97
DEST_EVAP_ATTRIBUTES,100084,99.96
DEST_EVAP,100084,99.96
DEST_MNPN,100084,99.96
DEST_MNPN_ATTRIBUTES,100084,99.96
DEST_MXPN,100084,99.96
DEST_MXPN_ATTRIBUTES,100084,99.96
ORIGIN_MNPN,100077,99.96
ORIGIN_MNPN_ATTRIBUTES,100077,99.96
ORIGIN_MXPN,100077,99.96
ORIGIN_MXPN_ATTRIBUTES,100077,99.96
DEST_WESF_ATTRIBUTES,100076,99.96
DEST_WESF,100076,99.96
ORIGIN_EVAP_ATTRIBUTES,100075,99.95
ORIGIN_EVAP,100075,99.95
ORIGIN_WESF,100069,99.95
ORIGIN_WESF_ATTRIBUTES,100069,99.95
ORIGIN_TAVG_ATTRIBUTES,100033,99.91
ORIGIN_TAVG,100033,99.91
DEST_TAVG,100030,99.91
DEST_TAVG_ATTRIBUTES,100030,99.91
DEST_SN52_ATTRIBUTES,100004,99.88
DEST_SN52,100004,99.88
DEST_SX52_ATTRIBUTES,100004,99.88
DEST_SX52,100004,99.88
ORIGIN_SX52,99985,99.86
ORIGIN_SN52_ATTRIBUTES,99985,99.86
ORIGIN_SN52,99985,99.86
ORIGIN_SX52_ATTRIBUTES,99985,99.86
DEST_WT07_ATTRIBUTES,99946,99.83
DEST_WT07,99946,99.83
ORIGIN_WT07_ATTRIBUTES,99936,99.82
ORIGIN_WT07,99936,99.82
DEST_WT05_ATTRIBUTES,99855,99.73
DEST_WT05,99855,99.73
ORIGIN_WT05_ATTRIBUTES,99847,99.73
ORIGIN_WT05,99847,99.73
ORIGIN_WT09_ATTRIBUTES,99846,99.73
ORIGIN_WT09,99846,99.73
DEST_WT09_ATTRIBUTES,99829,99.71
DEST_WT09,99829,99.71
DEST_SN32_ATTRIBUTES,99787,99.67
DEST_SN32,99787,99.67
DEST_SX32,99786,99.67
DEST_SX32_ATTRIBUTES,99786,99.67
ORIGIN_SN32,99760,99.64
ORIGIN_SN32_ATTRIBUTES,99760,99.64
ORIGIN_SX32_ATTRIBUTES,99757,99.64
ORIGIN_SX32,99757,99.64
DEST_WESD,99712,99.59
DEST_WESD_ATTRIBUTES,99712,99.59
ORIGIN_WESD_ATTRIBUTES,99693,99.57
ORIGIN_WESD,99693,99.57
ORIGIN_WT04,99541,99.42
ORIGIN_WT04_ATTRIBUTES,99541,99.42
ORIGIN_WT06_ATTRIBUTES,99528,99.41
ORIGIN_WT06,99528,99.41
DEST_WT06,99515,99.39
DEST_WT06_ATTRIBUTES,99515,99.39
DEST_WT04_ATTRIBUTES,99500,99.38
DEST_WT04,99500,99.38
ORIGIN_TOBS_ATTRIBUTES,97890,97.77
ORIGIN_TOBS,97890,97.77
DEST_TOBS,97849,97.73
DEST_TOBS_ATTRIBUTES,97849,97.73
CANCELLATION_CODE,97493,97.38
ORIGIN_PGTM,97113,97.0
ORIGIN_PGTM_ATTRIBUTES,97113,97.0
DEST_PGTM_ATTRIBUTES,96920,96.8
DEST_PGTM,96920,96.8
DEST_WT02_ATTRIBUTES,96541,96.42
DEST_WT02,96541,96.42
ORIGIN_WT02_ATTRIBUTES,96437,96.32
ORIGIN_WT02,96437,96.32
ORIGIN_WT03,88047,87.94
ORIGIN_WT03_ATTRIBUTES,88047,87.94
DEST_WT03,87970,87.86
DEST_WT03_ATTRIBUTES,87970,87.86
DEST_WT08_ATTRIBUTES,86181,86.08
DEST_WT08,86181,86.08
ORIGIN_WT08_ATTRIBUTES,86091,85.99
ORIGIN_WT08,86091,85.99
DELAY_DUE_LATE_AIRCRAFT,82115,82.02
DELAY_DUE_CARRIER,82115,82.02
DELAY_DUE_NAS,82115,82.02
DELAY_DUE_SECURITY,82115,82.02
DELAY_DUE_WEATHER,82115,82.02
DEST_WT01,68107,68.02
DEST_WT01_ATTRIBUTES,68107,68.02
ORIGIN_WT01,67816,67.73
ORIGIN_WT01_ATTRIBUTES,67816,67.73
DEST_SNWD,25309,25.28
DEST_SNWD_ATTRIBUTES,25309,25.28
ORIGIN_SNWD_ATTRIBUTES,24968,24.94
ORIGIN_SNWD,24968,24.94
DEST_SNOW_ATTRIBUTES,22960,22.93
DEST_SNOW,22960,22.93
ORIGIN_SNOW_ATTRIBUTES,22759,22.73
ORIGIN_SNOW,22759,22.73
DEST_ASTP,11896,11.88
DEST_ASLP_ATTRIBUTES,11896,11.88
DEST_ASLP,11896,11.88
DEST_ASTP_ATTRIBUTES,11896,11.88
DEST_AWBT,11794,11.78
DEST_ADPT_ATTRIBUTES,11794,11.78
DEST_ADPT,11794,11.78
DEST_AWBT_ATTRIBUTES,11794,11.78
ORIGIN_ASTP_ATTRIBUTES,11754,11.74
ORIGIN_ASLP,11754,11.74
ORIGIN_ASLP_ATTRIBUTES,11754,11.74
ORIGIN_ASTP,11754,11.74
DEST_RHAV,11676,11.66
DEST_RHAV_ATTRIBUTES,11676,11.66
DEST_RHMN_ATTRIBUTES,11676,11.66
DEST_RHMX,11676,11.66
DEST_RHMX_ATTRIBUTES,11676,11.66
DEST_RHMN,11676,11.66
ORIGIN_ADPT,11640,11.63
ORIGIN_AWBT_ATTRIBUTES,11640,11.63
ORIGIN_ADPT_ATTRIBUTES,11640,11.63
ORIGIN_AWBT,11640,11.63
ORIGIN_RHMN_ATTRIBUTES,11507,11.49
ORIGIN_RHMX,11507,11.49
ORIGIN_RHMX_ATTRIBUTES,11507,11.49
ORIGIN_RHAV_ATTRIBUTES,11507,11.49
ORIGIN_RHAV,11507,11.49
ORIGIN_RHMN,11507,11.49
DEST_WDF5,4745,4.74
DEST_WDF5_ATTRIBUTES,4745,4.74
DEST_WSF5,4741,4.74
DEST_WSF5_ATTRIBUTES,4741,4.74
ORIGIN_WDF5,4680,4.67
ORIGIN_WDF5_ATTRIBUTES,4680,4.67
ORIGIN_WSF5,4679,4.67
ORIGIN_WSF5_ATTRIBUTES,4679,4.67
DEST_AWND,4386,4.38
DEST_AWND_ATTRIBUTES,4386,4.38
DEST_WSF2_ATTRIBUTES,4377,4.37
DEST_WSF2,4377,4.37
DEST_WDF2,4377,4.37
DEST_WDF2_ATTRIBUTES,4377,4.37
ORIGIN_AWND_ATTRIBUTES,4276,4.27
ORIGIN_AWND,4276,4.27
ORIGIN_WSF2,4272,4.27
ORIGIN_WDF2_ATTRIBUTES,4272,4.27
ORIGIN_WDF2,4272,4.27
ORIGIN_WSF2_ATTRIBUTES,4272,4.27
ELAPSED_TIME,2853,2.85
AIR_TIME,2853,2.85
ARR_DELAY,2853,2.85
ARR_TIME,2656,2.65
TAXI_IN,2656,2.65
WHEELS_ON,2656,2.65
WHEELS_OFF,2619,2.62
TAXI_OUT,2619,2.62
DEP_DELAY,2578,2.57
DEP_TIME,2577,2.57
DEST_TMIN_ATTRIBUTES,1763,1.76
DEST_TMIN,1763,1.76
DEST_TMAX_ATTRIBUTES,1739,1.74
DEST_TMAX,1739,1.74
ORIGIN_TMIN_ATTRIBUTES,1715,1.71
ORIGIN_TMIN,1715,1.71
ORIGIN_TMAX_ATTRIBUTES,1692,1.69
ORIGIN_TMAX,1692,1.69
DEST_PRCP,237,0.24
DEST_PRCP_ATTRIBUTES,237,0.24
ORIGIN_PRCP_ATTRIBUTES,229,0.23
ORIGIN_PRCP,229,0.23
ORIGIN_NAME,44,0.04
ORIGIN_ELEVATION,44,0.04
ORIGIN_LONGITUDE,44,0.04
ORIGIN_LATITUDE,44,0.04
ORIGIN_DATE,44,0.04
DEST_NAME,42,0.04
DEST_LONGITUDE,42,0.04
DEST_LATITUDE,42,0.04
DEST_DATE,42,0.04
DEST_ELEVATION,42,0.04
DEST_STATION,0,0.0
AIRLINE,0,0.0
AIRLINE_DOT,0,0.0
AIRLINE_CODE,0,0.0
DOT_CODE,0,0.0
FL_NUMBER,0,0.0
ORIGIN,0,0.0
ORIGIN_CITY,0,0.0
DEST,0,0.0
CRS_ELAPSED_TIME,0,0.0
CRS_ARR_TIME,0,0.0
DEST_CITY,0,0.0
CRS_DEP_TIME,0,0.0
DIVERTED,0,0.0
CANCELLED,0,0.0
DISTANCE,0,0.0
ORIGIN_STATION,0,0.0
FL_DATE,0,0.0
